2020-02-21,13:00:05,0,10.1,,
2020-02-21,13:30:02,0,10.2,,
2020-02-21,14:00:02,0,10.2,,
2020-02-22,14:30:01,0,7.4,,
2020-02-22,15:00:02,0,7.4,,
2020-02-22,15:30:02,0,7.6,,
2020-02-22,16:00:01,0,7.4,,
2020-02-22,16:30:02,0,7.4,,
2020-02-22,17:00:04,0,7.3,,
2020-02-22,17:30:02,0,7.3,,
2020-02-22,18:00:03,0,7.3,,
2020-02-22,18:30:02,0,7.2,,
2020-02-22,19:00:01,0,7.2,,
2020-02-22,19:30:02,0.003,7.2,,
2020-02-22,20:00:04,0.003,7.2,,
2020-02-22,20:30:02,0,7.1,,
2020-02-22,21:00:05,0.01,7.1,,
2020-02-22,21:30:01,0.006,7.2,,
2020-02-22,22:00:04,0.005,7.1,,
2020-02-22,22:30:02,0.009,7.0,,
2020-02-22,23:00:02,0.018,6.9,,
2020-02-22,23:30:01,0.033,6.8,,
2020-02-23,00:00:02,0.019,6.8,,
2020-02-23,00:30:01,0.033,6.7,,
2020-02-23,01:00:02,0.049,6.9,,
2020-02-23,01:30:02,0.032,7.0,,
2020-02-23,02:00:02,0.033,7.2,,
2020-02-23,02:30:01,0.034,7.2,,
2020-02-23,03:00:03,0.018,7.2,,
2020-02-23,03:30:01,0.005,7.3,,
2020-02-23,04:00:02,0.01,7.5,,
2020-02-23,04:30:02,0,7.8,,
2020-02-23,05:00:01,0,7.9,,
2020-02-23,05:30:01,0,7.9,,
2020-02-23,06:00:04,0,7.8,,
2020-02-23,06:30:02,0,7.1,,
2020-02-23,07:00:01,0,7.4,,
2020-02-23,07:30:01,0,7.0,,
2020-02-23,08:00:06,0,6.6,,
2020-02-23,08:30:02,0,6.1,,
2020-02-23,09:00:02,0,5.8,,
2020-02-23,09:30:01,0,5.7,,
2020-02-23,10:00:03,0,5.8,,
2020-02-23,10:30:01,0,5.7,,
2020-02-23,11:00:03,0,5.8,,
2020-02-24,11:30:02,0,10.2,,
2020-02-25,09:30:02,0,4.7,,
2020-02-25,10:00:01,0,5.0,,
2020-02-25,10:30:02,0,5.2,,
2020-02-25,11:00:02,0,5.5,,
2020-02-25,11:30:02,0,5.7,,
2020-02-25,12:00:01,0,5.9,,
2020-02-25,12:30:01,0,5.9,,
2020-02-25,13:00:03,0,5.7,,
2020-02-25,13:30:01,0.019,5.5,,
2020-02-25,14:00:02,0,5.2,,
2020-02-25,14:30:02,0,5.0,,
2020-02-25,15:00:01,0,4.9,,
2020-02-25,15:30:01,0,4.7,,
2020-02-25,16:00:02,0,4.7,,
2020-02-25,16:30:01,0,4.8,,
2020-02-25,17:00:03,0,4.8,,
2020-02-25,17:30:01,0,4.8,,
2020-02-25,18:00:01,0,4.8,,
2020-02-25,18:30:01,0,4.7,,
2020-02-25,19:00:02,0.015,4.6,,
2020-02-25,19:30:02,0,4.5,,
2020-02-25,20:00:02,0,4.3,,
2020-02-25,20:30:01,0,4.2,,
2020-02-25,21:00:03,0,4.1,,
2020-02-25,21:30:01,0,4.0,,
2020-02-25,22:00:02,0,3.9,,
2020-02-25,22:30:01,0,3.9,,
2020-02-25,23:00:02,0,3.9,,
2020-02-25,23:30:01,0,3.9,,
2020-02-26,00:00:03,0,3.9,,
2020-02-26,00:30:02,0,4.1,,
2020-02-26,01:00:01,0,4.1,,
2020-02-26,01:30:02,0,4.1,,
2020-02-26,02:00:01,0,4.2,,
2020-02-26,02:30:01,0,4.3,,
2020-02-26,03:00:01,0,4.3,,
2020-02-26,03:30:01,0.01,4.4,,
2020-02-26,04:00:03,0.008,4.4,,
2020-02-26,04:30:01,0,4.5,,
2020-02-26,05:00:03,0,4.5,,
2020-02-26,05:30:02,0,4.6,,
2020-02-26,06:00:01,0,4.4,,
2020-02-26,06:30:01,0,4.4,,
2020-02-26,07:00:04,0,4.3,,
2020-02-26,07:30:01,0,4.3,,
2020-02-26,08:00:02,0,4.3,,
2020-02-26,08:30:01,0,4.4,,
2020-02-26,09:00:02,0,4.5,,
2020-02-26,09:30:02,0,4.6,,
2020-02-26,10:00:02,0,4.9,,
2020-02-26,10:30:01,0,5.2,,
2020-02-26,11:00:02,0,5.5,,
2020-02-26,11:30:02,0,5.8,,
2020-02-26,12:00:03,0,6.0,,
2020-02-26,12:30:02,0,6.2,,
2020-02-26,13:00:02,0,6.3,,
2020-02-26,13:30:01,0,6.6,,
2020-02-26,14:00:03,0,6.7,,
2020-02-26,14:30:01,0,6.8,,
2020-02-26,15:00:02,0,6.8,,
2020-02-26,15:30:02,0,6.9,,
2020-02-26,16:00:02,0,6.8,,
2020-02-26,16:30:02,0,6.6,,
2020-02-26,17:00:01,0,6.3,,
2020-02-26,17:30:01,0,6.1,,
2020-02-26,18:00:02,0,6.0,,
2020-02-26,18:30:01,0,5.9,,
2020-02-26,19:00:02,0,5.8,,
2020-02-26,19:30:01,0,5.8,,
2020-02-26,20:00:02,0,5.7,,
2020-02-26,20:30:01,0,5.5,,
2020-02-26,21:00:02,0,5.4,,
2020-02-26,21:30:01,0,5.2,,
2020-02-26,22:00:02,0,5.1,,
2020-02-26,22:30:01,0,5.1,,
2020-02-26,23:00:01,0.007,5.0,,
2020-02-26,23:30:01,0.008,4.9,,
2020-02-27,00:00:03,0.01,4.7,,
2020-02-27,00:30:01,0.011,4.5,,
2020-02-27,01:00:02,0.01,4.2,,
2020-02-27,01:30:01,0.01,4.0,,
2020-02-27,02:00:02,0.02,3.8,,
2020-02-27,02:30:01,0.006,3.6,,
2020-02-27,03:00:02,0.006,3.4,,
2020-02-27,03:30:02,0,3.2,,
2020-02-27,04:00:02,0,3.0,,
2020-02-27,04:30:01,0,2.9,,
2020-02-27,05:00:03,0,2.8,,
2020-02-27,05:30:01,0,2.7,,
2020-02-27,06:00:02,0,2.8,,
2020-02-27,06:30:02,0,3.0,,
2020-02-27,07:00:02,0,2.9,,
2020-02-27,07:30:01,0,2.8,,
2020-02-27,08:00:02,0,2.7,,
2020-02-27,08:30:01,0,2.6,,
2020-02-27,09:00:02,0,2.7,,
2020-02-27,09:30:01,0,3.1,,
2020-02-27,10:00:02,0,3.5,,
2020-02-27,10:30:01,0,4.0,,
2020-02-27,11:00:04,0,4.4,,
2020-02-27,11:30:01,0,4.8,,
2020-02-27,12:00:01,0,5.2,,
2020-02-27,12:30:01,0,5.6,,
2020-02-27,13:00:03,0,6.1,,
2020-02-27,13:30:02,0,6.5,,
2020-02-27,14:00:01,0,6.7,,
2020-02-27,14:30:01,0,7.0,,
2020-02-27,15:00:02,0,7.1,,
2020-02-27,15:30:02,0,7.4,,
2020-02-27,16:00:02,0,7.4,,
2020-02-27,16:30:01,0,7.4,,
2020-02-27,17:00:02,0,7.3,,
2020-02-27,17:30:01,0,7.2,,
2020-02-27,18:00:02,0,7.1,,
2020-02-27,18:30:01,0,7.0,,
2020-02-27,19:00:04,0,6.8,,
2020-02-27,19:30:01,0,6.6,,
2020-02-27,20:00:01,0,6.3,,
2020-02-27,20:30:01,0,6.2,,
2020-02-27,21:00:02,0,6.0,,
2020-02-27,21:30:01,0,5.8,,
2020-02-27,22:00:01,0,5.8,,
2020-02-27,22:30:02,0,5.8,,
2020-02-27,23:00:02,0,5.9,,
2020-02-27,23:30:02,0,5.9,,
2020-02-28,00:00:02,0,6.1,,
2020-02-28,00:30:02,0,6.0,,
2020-02-28,01:00:03,0,6.0,,
2020-02-28,01:30:01,0,6.0,,
2020-02-28,02:00:01,0.004,6.1,,
2020-02-28,02:30:01,0.007,6.1,,
2020-02-28,03:00:01,0.07,6.2,,
2020-02-28,03:30:02,0.05,6.1,,
2020-02-28,04:00:02,0.053,6.1,,
2020-02-28,04:30:02,0.03,6.1,,
2020-02-28,05:00:03,0.024,6.0,,
2020-02-28,05:30:01,0.06,6.1,,
2020-02-28,06:00:03,0.048,6.2,,
2020-02-28,06:30:02,0.006,6.4,,
2020-02-28,07:00:02,0,6.7,,
2020-02-28,07:30:01,0.009,6.8,,
2020-02-28,08:00:03,0.02,7.0,,
2020-02-28,08:30:02,0.008,7.2,,
2020-02-28,09:00:02,0,7.5,,
2020-02-28,09:30:02,0,7.9,,
2020-02-28,10:00:02,0,8.5,,
2020-02-28,10:30:02,0.012,9.2,,
2020-02-28,11:00:03,0.045,9.9,,
2020-02-28,11:30:01,0.005,10.5,,
2020-02-28,12:00:03,0.004,11.0,,
2020-02-28,12:30:01,0,11.3,,
2020-02-28,13:00:01,0,11.4,,
2020-02-28,13:30:01,0,11.5,,
2020-02-28,14:00:01,0,11.5,,
2020-02-28,14:30:01,0,11.5,,
2020-02-28,15:00:01,0,11.3,,
2020-02-28,15:30:02,0,11.3,,
2020-02-28,16:00:03,0,11.2,,
2020-02-28,16:30:01,0,10.9,,
2020-02-28,17:00:01,0,10.7,,
2020-02-28,17:30:01,0,10.5,,
2020-02-28,18:00:02,0,10.4,,
2020-02-28,18:30:02,0,10.2,,
2020-02-28,19:00:01,0,10.0,,
2020-02-28,19:30:01,0,9.8,,
2020-02-28,20:00:03,0,9.6,,
2020-02-28,20:30:01,0,9.5,,
2020-02-28,21:00:01,0.016,9.4,,
2020-02-28,21:30:02,0.014,9.4,,
2020-02-28,22:00:05,0.049,9.5,,
2020-02-28,22:30:01,0.029,9.6,,
2020-02-28,23:00:03,0.035,9.7,,
2020-02-28,23:30:02,0.016,9.6,,
2020-02-29,00:00:03,0,9.4,,
2020-02-29,00:30:01,0,9.1,,
2020-02-29,01:00:01,0.016,8.5,,
2020-02-29,01:30:01,0.017,7.8,,
2020-02-29,02:00:03,0.075,7.0,,
2020-02-29,02:30:02,0.019,6.4,,
2020-02-29,03:00:02,0,5.9,,
2020-02-29,03:30:01,0,5.7,,
2020-02-29,04:00:03,0,5.4,,
2020-02-29,04:30:01,0,5.1,,
2020-02-29,05:00:02,0,4.8,,
2020-02-29,05:30:01,0,4.6,,
2020-02-29,06:00:02,0,4.4,,
2020-02-29,06:30:01,0,4.2,,
2020-02-29,07:00:03,0,4.1,,
2020-02-29,07:30:02,0,4.0,,
2020-02-29,08:00:02,0,3.9,,
2020-02-29,08:30:01,0,3.9,,
2020-02-29,09:00:02,0,3.9,,
2020-02-29,09:30:02,0,4.1,,
2020-02-29,10:00:01,0,4.5,,
2020-02-29,10:30:01,0,4.8,,
2020-02-29,11:00:03,0,5.1,,
2020-02-29,11:30:02,0,5.3,,
2020-02-29,12:00:03,0,5.6,,
2020-02-29,12:30:02,0,5.8,,
2020-02-29,13:00:04,0.013,5.7,,
2020-02-29,13:30:02,0.009,5.7,,
2020-02-29,14:00:01,0,5.7,,
2020-02-29,14:30:02,0.074,5.7,,
2020-02-29,15:00:02,0.025,5.7,,
2020-02-29,15:30:01,0,5.2,,
2020-02-29,16:00:02,0,5.2,,
2020-02-29,16:30:02,0.012,5.3,,
2020-02-29,17:00:01,0.024,5.4,,
2020-02-29,17:30:02,0.037,5.5,,
2020-02-29,18:00:03,0,5.8,,
2020-02-29,18:30:01,0,6.0,,
2020-02-29,19:00:03,0,6.2,,
2020-02-29,19:30:01,0,6.2,,
2020-02-29,20:00:01,0,6.1,,
2020-02-29,20:30:01,0,6.1,,
2020-02-29,21:00:01,0,5.9,,
2020-02-29,21:30:01,0,5.8,,
2020-02-29,22:00:02,0,5.8,,
2020-02-29,22:30:02,0,5.7,,
2020-02-29,23:00:01,0,5.6,,
2020-02-29,23:30:01,0,5.5,,
2020-03-01,00:00:01,0,5.5,,
2020-03-01,00:30:01,0,5.4,,
2020-03-01,01:00:03,0,5.3,,
2020-03-01,01:30:01,0,5.2,,
2020-03-01,02:00:03,0,5.1,,
2020-03-01,02:30:01,0,5.0,,
2020-03-01,03:00:03,0,4.9,,
2020-03-01,03:30:01,0,4.9,,
2020-03-01,04:00:01,0,4.9,,
2020-03-01,04:30:01,0,4.9,,
2020-03-01,05:00:02,0,4.9,,
2020-03-01,05:30:01,0,4.9,,
2020-03-01,06:00:02,0,4.9,,
2020-03-01,06:30:02,0,4.8,,
2020-03-01,07:00:01,0,4.7,,
2020-03-01,07:30:02,0,4.4,,
2020-03-01,08:00:02,0,4.3,,
2020-03-01,08:30:02,0,4.2,,
2020-03-01,09:00:02,0,4.2,,
2020-03-01,09:30:01,0,4.4,,
2020-03-01,10:00:03,0,4.6,,
2020-03-01,10:30:02,0,4.8,,
2020-03-01,11:00:01,0,5.1,,
2020-03-01,11:30:01,0,5.3,,
2020-03-01,12:00:02,0,5.6,,
2020-03-01,12:30:02,0,5.7,,
2020-03-01,13:00:01,0,5.8,,
2020-03-01,13:30:02,0,5.9,,
2020-03-01,14:00:01,0,6.0,,
2020-03-01,14:30:01,0,6.0,,
2020-03-01,15:00:03,0,6.0,,
2020-03-01,15:30:02,0,6.1,,
2020-03-01,16:00:02,0,6.0,,
2020-03-01,16:30:01,0,5.9,,
2020-03-01,17:00:02,0,5.7,,
2020-03-01,17:30:02,0,5.6,,
2020-03-01,18:00:02,0,5.7,,
2020-03-01,18:30:02,0,5.7,,
2020-03-01,19:00:02,0,5.6,,
2020-03-01,19:30:02,0,5.5,,
2020-03-01,20:00:03,0,5.3,,
2020-03-01,20:30:01,0,5.2,,
2020-03-01,21:00:02,0,5.0,,
2020-03-01,21:30:01,0,4.8,,
2020-03-01,22:00:02,0,4.6,,
2020-03-01,22:30:01,0,4.5,,
2020-03-01,23:00:05,0,4.5,,
2020-03-01,23:30:02,0,4.4,,
2020-03-02,00:00:03,0,4.3,,
2020-03-02,00:30:01,0,4.2,,
2020-03-02,01:00:03,0,4.1,,
2020-03-02,01:30:01,0,4.0,,
2020-03-02,02:00:03,0,3.9,,
2020-03-02,02:30:01,0,3.9,,
2020-03-02,03:00:03,0,3.8,,
2020-03-02,03:30:01,0,3.8,,
2020-03-02,04:00:02,0,3.7,,
2020-03-02,04:30:02,0,3.5,,
2020-03-02,05:00:02,0,3.4,,
2020-03-02,05:30:02,0,3.4,,
2020-03-02,06:00:03,0,3.4,,
2020-03-02,06:30:02,0,3.2,,
2020-03-02,07:00:01,0,3.2,,
2020-03-02,07:30:02,0,3.3,,
2020-03-02,08:00:02,0,3.5,,
2020-03-02,08:30:01,0,3.6,,
2020-03-02,09:00:01,0,3.8,,
2020-03-02,09:30:01,0,3.9,,
2020-03-02,10:00:03,0,4.2,,
2020-03-02,10:30:01,0,4.6,,
2020-03-02,11:00:03,0,5.0,,
2020-03-02,11:30:01,0,5.3,,
2020-03-02,12:00:01,0,5.7,,
2020-03-02,12:30:02,0,6.0,,
2020-03-02,13:00:01,0,6.2,,
2020-03-02,13:30:02,0,6.3,,
2020-03-02,14:00:02,0,6.4,,
2020-03-02,14:30:02,0,6.5,,
2020-03-02,15:00:01,0.035,6.6,,
2020-03-02,15:30:01,0,6.8,,
2020-03-02,16:00:03,0,6.7,,
2020-03-02,16:30:02,0,6.6,,
2020-03-02,17:00:02,0,6.4,,
2020-03-02,17:30:01,0,6.3,,
2020-03-02,18:00:03,0,6.2,,
2020-03-02,18:30:01,0,6.1,,
2020-03-02,19:00:01,0,5.9,,
2020-03-02,19:30:02,0,5.8,,
2020-03-02,20:00:02,0,5.7,,
2020-03-02,20:30:01,0,5.5,,
2020-03-02,21:00:03,0,5.4,,
2020-03-02,21:30:02,0,5.3,,
2020-03-02,22:00:02,0,5.2,,
2020-03-02,22:30:02,0,5.1,,
2020-03-02,23:00:02,0,5.1,,
2020-03-02,23:30:02,0,5.1,,
2020-03-03,00:00:02,0,5.1,,
2020-03-03,00:30:02,0.017,5.1,,
2020-03-03,01:00:01,0,5.1,,
2020-03-03,01:30:01,0,5.1,,
2020-03-03,02:00:02,0,5.1,,
2020-03-03,02:30:02,0,5.2,,
2020-03-03,03:00:02,0,5.2,,
2020-03-03,03:30:01,0,5.0,,
2020-03-03,04:00:01,0.01,5.1,,
2020-03-03,04:30:02,0,5.1,,
2020-03-03,05:00:02,0,5.1,,
2020-03-03,05:30:02,0,5.1,,
2020-03-03,06:00:02,0,5.2,,
2020-03-03,06:30:02,0,5.2,,
2020-03-03,07:00:02,0,5.2,,
2020-03-03,07:30:01,0,5.2,,
2020-03-03,08:00:04,0,5.1,,
2020-03-03,08:30:02,0,5.1,,
2020-03-03,09:00:03,0,5.2,,
2020-03-03,09:30:02,0,5.3,,
2020-03-03,09:31:39,0,5.3,,
2020-03-03,09:32:08,0,5.3,,
2020-03-03,09:37:43,0,5.3,clear-day,
2020-03-03,09:59:31,0,5.5,clear-day,23.18
2020-03-03,10:00:02,0,5.5,,
2020-03-03,10:30:02,0,5.8,,
2020-03-03,11:00:03,0,6.2,clear-day,22.38
2020-03-03,11:30:01,0,6.4,clear-day,21.91
2020-03-03,12:00:02,0,6.7,clear-day,21.14
2020-03-03,12:30:01,0,6.9,clear-day,20.55
2020-03-03,13:00:03,0,7.1,clear-day,19.56
2020-03-03,13:30:01,0,7.2,clear-day,18.93
2020-03-03,14:00:04,0,7.3,clear-day,18.26
2020-03-03,14:30:02,0,7.4,clear-day,17.61
2020-03-03,15:00:03,0,7.4,clear-day,16.98
2020-03-03,15:30:01,0,7.6,clear-day,15.86
2020-03-03,16:00:04,0,7.5,clear-day,15.25
2020-03-03,16:30:01,0,7.4,clear-day,14.69
2020-03-03,17:00:03,0,7.2,clear-day,14.11
2020-03-03,17:30:01,0,7.1,clear-day,13.52
2020-03-03,18:00:03,0,7.0,clear-day,12.66
2020-03-03,18:30:01,0,6.8,clear-night,11.55
2020-03-03,19:00:02,0,6.7,partly-cloudy-night,10.67
2020-03-03,19:30:02,0,6.5,partly-cloudy-night,10.01
2020-03-03,20:00:02,0,6.3,partly-cloudy-night,9.34
2020-03-03,20:30:01,0,6.2,partly-cloudy-night,8.75
2020-03-03,21:00:01,0,6.1,partly-cloudy-night,8.3
2020-03-03,21:30:02,0,5.7,partly-cloudy-night,8.08
2020-03-03,22:00:02,0,5.6,partly-cloudy-night,7.93
2020-03-03,22:30:02,0,5.6,partly-cloudy-night,7.89
2020-03-03,23:00:02,0,5.5,partly-cloudy-night,7.85
2020-03-03,23:30:01,0,5.5,partly-cloudy-night,7.78
2020-03-04,00:00:01,0,5.5,partly-cloudy-night,7.63
2020-03-04,00:30:01,0,5.5,partly-cloudy-night,7.35
2020-03-04,01:00:02,0,5.3,cloudy,6.75
2020-03-04,01:30:02,0,5.2,cloudy,6.4
2020-03-04,02:00:03,0,5.2,cloudy,6.1
2020-03-04,02:30:02,0,5.2,cloudy,5.87
2020-03-04,03:00:03,0,5.1,cloudy,5.68
2020-03-04,03:30:01,0,5.0,cloudy,5.44
2020-03-04,04:00:01,0,4.9,cloudy,5.4
2020-03-04,04:30:01,0,4.9,cloudy,5.38
2020-03-04,05:00:01,0,4.8,cloudy,5.33
2020-03-04,05:30:01,0,4.7,cloudy,5.18
2020-03-04,06:00:02,0,4.6,cloudy,4.99
2020-03-04,06:30:02,0,4.7,cloudy,4.47
2020-03-04,07:00:05,0,4.7,cloudy,4.57
2020-03-04,07:30:01,0,4.6,cloudy,4.54
2020-03-04,08:00:01,0,4.5,cloudy,4.5
2020-03-04,08:30:02,0,4.5,cloudy,4.46
2020-03-04,09:00:04,0,4.5,cloudy,4.39
2020-03-04,09:30:02,0,4.4,cloudy,3.59
2020-03-04,10:00:02,0,4.5,cloudy,3.64
2020-03-04,10:30:02,0,4.5,cloudy,3.71
2020-03-04,11:00:02,0,4.5,cloudy,3.85
2020-03-04,11:30:01,0,4.6,cloudy,3.91
2020-03-04,12:00:02,0,4.6,partly-cloudy-day,4.02
2020-03-04,12:30:01,0,4.6,partly-cloudy-day,4.15
2020-03-04,13:00:02,0,4.6,cloudy,4.53
2020-03-04,13:30:01,0,4.7,partly-cloudy-day,4.58
2020-03-04,14:00:01,0,4.8,partly-cloudy-day,4.62
2020-03-04,14:30:01,0,4.8,partly-cloudy-day,4.6
2020-03-04,15:00:03,0,4.9,partly-cloudy-day,4.54
2020-03-04,15:30:01,0,5.4,partly-cloudy-day,4.82
2020-03-04,16:00:01,0,5.4,partly-cloudy-day,4.7
2020-03-04,16:30:02,0,5.5,partly-cloudy-day,4.55
2020-03-04,17:00:03,0,5.6,partly-cloudy-day,4.43
2020-03-04,17:30:02,0,5.6,partly-cloudy-day,4.32
2020-03-04,18:00:02,0,5.6,clear-day,4.51
2020-03-04,18:30:02,0,5.9,clear-night,4.34
2020-03-04,19:00:02,0,5.8,clear-night,4.57
2020-03-04,19:30:01,0,5.8,clear-night,4.37
2020-03-04,20:00:03,0,5.7,clear-night,4.18
2020-03-04,20:30:02,0,5.6,clear-night,4.06
2020-03-04,21:00:02,0,5.5,clear-night,4.01
2020-03-04,21:30:01,0,5.4,clear-night,3.64
2020-03-04,22:00:01,0,5.4,clear-night,3.8
2020-03-04,22:30:01,0,5.3,clear-night,4.02
2020-03-04,23:00:01,0,5.2,clear-night,4.25
2020-03-04,23:30:02,0,5.1,clear-night,4.52
2020-03-05,00:00:04,0,5.0,clear-night,5.03
2020-03-05,00:30:02,0,4.9,clear-night,5.39
2020-03-05,01:00:04,0,4.6,clear-night,6.31
2020-03-05,01:30:02,0,4.5,clear-night,6.74
2020-03-05,02:00:05,0,4.4,clear-night,7.12
2020-03-05,02:30:02,0,4.3,partly-cloudy-night,7.48
2020-03-05,03:00:02,0,4.1,partly-cloudy-night,7.78
2020-03-05,03:30:01,0,3.6,clear-night,8.44
2020-03-05,04:00:02,0,3.5,clear-night,8.6
2020-03-05,04:30:02,0,3.3,clear-night,8.68
2020-03-05,05:00:03,0,3.2,partly-cloudy-night,8.74
2020-03-05,05:30:02,0,3.0,partly-cloudy-night,8.78
2020-03-05,06:00:01,0,2.9,partly-cloudy-night,8.9
2020-03-05,06:30:02,0,2.9,partly-cloudy-night,8.81
2020-03-05,07:00:01,0,3.0,partly-cloudy-night,8.95
2020-03-05,07:30:01,0,2.9,partly-cloudy-day,8.54
2020-03-05,08:00:03,0,2.7,partly-cloudy-day,8.17
2020-03-05,08:30:01,0,2.7,partly-cloudy-day,7.83
2020-03-05,09:00:02,0,2.8,partly-cloudy-day,7.59
2020-03-05,09:30:01,0,3.1,partly-cloudy-day,8.09
2020-03-05,10:00:02,0,3.6,clear-day,8.19
2020-03-05,10:30:01,0,4.0,clear-day,8.37
2020-03-05,10:42:08,0,4.1,clear-day,8.47
2020-03-05,11:00:02,0,4.3,clear-day,8.53
2020-03-05,11:30:02,0,4.7,clear-day,8.51
2020-03-05,12:00:02,0,4.9,clear-day,8.09
2020-03-05,12:30:01,0,5.2,clear-day,7.5
2020-03-05,13:00:02,0,5.4,clear-day,6.36
2020-03-05,13:30:01,0,5.6,partly-cloudy-day,5.47
2020-03-05,14:00:02,0,5.8,partly-cloudy-day,4.64
2020-03-05,14:30:01,0,6.0,partly-cloudy-day,4.07
2020-03-05,15:00:03,0,6.1,partly-cloudy-day,3.74
2020-03-05,15:30:02,0,6.5,partly-cloudy-day,3.15
2020-03-05,16:00:02,0,6.6,partly-cloudy-day,3.68
2020-03-05,16:30:01,0,6.6,partly-cloudy-day,4.43
2020-03-05,17:00:03,0,6.7,partly-cloudy-day,5.28
2020-03-05,17:30:02,0,6.6,partly-cloudy-day,6.06
2020-03-05,18:00:03,0,6.6,partly-cloudy-day,7.23
2020-03-05,18:30:01,0,6.5,partly-cloudy-night,7.75
2020-03-05,19:00:02,0,6.4,partly-cloudy-night,9.06
2020-03-05,19:30:01,0,6.3,partly-cloudy-night,9.94
2020-03-05,20:00:03,0,6.2,partly-cloudy-night,10.71
2020-03-05,20:30:02,0,6.1,partly-cloudy-night,11.35
2020-03-05,21:00:01,0,6.0,partly-cloudy-night,11.77
2020-03-05,21:30:01,0.005,5.9,partly-cloudy-night,12.76
2020-03-05,22:00:03,0.046,5.8,rain,12.46
2020-03-05,22:30:01,0,5.7,partly-cloudy-night,11.94
2020-03-05,23:00:02,0,5.6,partly-cloudy-night,11.35
2020-03-05,23:30:02,0,5.5,partly-cloudy-night,10.87
2020-03-06,00:00:01,0.008,5.5,rain,10.48
2020-03-06,00:30:02,0.025,5.4,rain,10.41
2020-03-06,01:00:01,0.04,5.4,rain,10.32
2020-03-06,01:30:01,0,5.3,cloudy,10.6
2020-03-06,02:00:02,0,5.1,cloudy,10.88
2020-03-06,02:30:02,0,5.0,cloudy,11.03
2020-03-06,03:00:03,0,4.8,cloudy,10.95
2020-03-06,03:30:02,0,4.7,cloudy,9.57
2020-03-06,04:00:01,0,4.5,cloudy,9.11
2020-03-06,04:30:02,0,4.3,partly-cloudy-night,8.63
2020-03-06,05:00:02,0,4.2,partly-cloudy-night,8.2
2020-03-06,05:30:01,0,4.0,partly-cloudy-night,7.9
2020-03-06,06:00:02,0,4.0,partly-cloudy-night,7.27
2020-03-06,06:30:02,0,4.0,partly-cloudy-night,7.48
2020-03-06,07:00:03,0,4.0,partly-cloudy-night,8.38
2020-03-06,07:30:01,0,3.8,partly-cloudy-day,8.64
2020-03-06,08:00:02,0,3.8,clear-day,8.96
2020-03-06,08:30:02,0,3.7,clear-day,9.31
2020-03-06,09:00:03,0,3.8,clear-day,9.63
2020-03-06,09:30:01,0,3.9,partly-cloudy-day,9.65
2020-03-06,10:00:01,0,4.2,partly-cloudy-day,9.84
2020-03-06,10:30:02,0,4.5,partly-cloudy-day,10.04
2020-03-06,11:00:03,0,4.8,partly-cloudy-day,10.38
2020-03-06,11:30:02,0,5.2,partly-cloudy-day,10.92
2020-03-06,12:00:03,0,5.5,partly-cloudy-day,11.86
2020-03-06,12:30:02,0,5.8,partly-cloudy-day,12.64
2020-03-06,13:00:03,0,6.4,partly-cloudy-day,13.66
2020-03-06,13:30:01,0,6.7,partly-cloudy-day,16.09
2020-03-06,14:00:03,0,7.1,partly-cloudy-day,18.37
2020-03-06,14:30:02,0,7.3,partly-cloudy-day,20.08
2020-03-06,15:00:03,0,7.5,partly-cloudy-day,21.26
2020-03-06,15:30:01,0,7.5,partly-cloudy-day,19.97
2020-03-06,16:00:03,0,7.6,partly-cloudy-day,19.72
2020-03-06,16:30:02,0,7.6,partly-cloudy-day,19.17
2020-03-06,17:00:03,0,7.6,partly-cloudy-day,18.44
2020-03-06,17:30:01,0,7.5,partly-cloudy-day,17.64
2020-03-06,18:00:02,0,7.4,partly-cloudy-day,16.78
2020-03-06,18:30:01,0,7.3,partly-cloudy-night,14.94
2020-03-06,19:00:04,0,7.2,partly-cloudy-night,14.16
2020-03-06,19:30:02,0,6.9,partly-cloudy-night,13.71
2020-03-06,20:00:01,0,6.7,partly-cloudy-night,13.23
2020-03-06,20:30:01,0,6.5,partly-cloudy-night,12.85
2020-03-06,21:00:03,0,6.4,partly-cloudy-night,12.46
2020-03-06,21:30:01,0,6.2,clear-night,12.45
2020-03-06,22:00:01,0,6.1,partly-cloudy-night,12.19
2020-03-06,22:30:01,0.014,6.1,rain,11.9
2020-03-06,23:00:05,0,6.1,partly-cloudy-night,11.7
2020-03-06,23:30:02,0,6.1,partly-cloudy-night,11.62
2020-03-07,00:00:05,0,6.2,partly-cloudy-night,11.79
2020-03-07,00:30:02,0,6.4,partly-cloudy-night,12.15
2020-03-07,01:00:05,0,6.7,partly-cloudy-night,13.35
2020-03-07,01:30:01,0,6.9,partly-cloudy-night,13.94
2020-03-07,02:00:01,0,7.2,cloudy,14.55
2020-03-07,02:30:01,0,7.4,cloudy,15.1
2020-03-07,03:00:01,0,7.6,cloudy,15.5
2020-03-07,03:30:01,0,7.7,cloudy,15.97
2020-03-07,04:00:01,0.009,7.8,rain,16.03
2020-03-07,04:30:01,0,8.0,cloudy,15.95
2020-03-07,05:00:02,0,8.2,cloudy,15.87
2020-03-07,05:30:02,0,8.4,cloudy,15.94
2020-03-07,06:00:01,0,8.5,cloudy,16.16
2020-03-07,06:30:01,0,8.6,cloudy,16.66
2020-03-07,07:00:03,0,8.6,cloudy,17.1
2020-03-07,07:30:01,0,8.7,cloudy,18.87
2020-03-07,08:00:03,0.005,8.8,rain,19.18
2020-03-07,08:30:02,0.022,8.9,rain,17.97
2020-03-07,09:00:03,0.011,9.0,rain,16.94
2020-03-07,09:30:01,0.008,9.5,rain,17.95
2020-03-07,10:00:02,0.005,9.7,cloudy,19.34
2020-03-07,10:30:02,0.006,9.8,cloudy,20.27
2020-03-07,11:00:02,0.005,9.9,rain,20.94
2020-03-07,11:30:02,0,10.1,cloudy,21.2
2020-03-07,12:00:02,0,10.4,cloudy,21.48
2020-03-07,12:30:02,0,10.5,cloudy,22.36
2020-03-07,13:00:04,0,10.8,cloudy,22.94
2020-03-07,13:30:02,0,10.7,cloudy,23.37
2020-03-07,14:00:02,0,10.5,cloudy,23.73
2020-03-07,14:30:01,0,10.3,cloudy,24.13
2020-03-07,15:00:05,0,10.2,wind,24.61
2020-03-07,15:30:02,0,10.2,wind,26.13
2020-03-07,16:00:02,0,10.1,wind,27.04
2020-03-07,16:30:02,0,10.0,wind,27.7
2020-03-07,17:00:03,0,10.0,wind,28.01
2020-03-07,17:30:01,0,9.8,wind,27.82
2020-03-07,18:00:03,0,9.7,wind,27.42
2020-03-07,18:30:01,0,9.9,wind,27.04
2020-03-07,19:00:02,0,10.0,wind,27
2020-03-07,19:30:01,0.003,10.1,wind,26.71
2020-03-07,20:00:02,0,10.1,wind,26.68
2020-03-07,20:30:01,0,9.9,wind,27.86
2020-03-07,21:00:04,0,9.7,wind,28.52
2020-03-07,21:30:02,0,10.2,wind,26.76
2020-03-07,22:00:02,0.019,10.3,rain,23.45
2020-03-07,22:30:01,0.025,10.3,rain,22.13
2020-03-07,23:00:03,0.03,10.1,partly-cloudy-night,21.41
2020-03-07,23:30:02,0,9.9,partly-cloudy-night,20.59
2020-03-08,00:00:02,0.013,9.6,rain,19.64
2020-03-08,00:30:02,0,9.2,partly-cloudy-night,21.31
2020-03-08,01:00:02,0,9.0,partly-cloudy-night,21.08
2020-03-08,01:30:02,0,8.8,partly-cloudy-night,21.52
2020-03-08,02:00:01,0,8.4,partly-cloudy-night,21.96
2020-03-08,02:30:01,0.008,8.2,partly-cloudy-night,22.27
2020-03-08,03:00:03,0,7.9,partly-cloudy-night,22.6
2020-03-08,03:30:01,0,7.7,partly-cloudy-night,22.76
2020-03-08,04:00:01,0,7.3,partly-cloudy-night,23.12
2020-03-08,04:30:01,0,7.2,partly-cloudy-night,22.89
2020-03-08,05:00:02,0,7.2,partly-cloudy-night,22.48
2020-03-08,05:30:01,0,7.1,partly-cloudy-night,22.11
2020-03-08,06:00:03,0,7.1,partly-cloudy-night,21.84
2020-03-08,06:30:02,0,7.2,partly-cloudy-night,22.19
2020-03-08,07:00:02,0,7.1,partly-cloudy-day,22.36
2020-03-08,07:30:02,0,7.4,partly-cloudy-day,20.69
2020-03-08,08:00:01,0,7.5,partly-cloudy-day,20.75
2020-03-08,08:30:02,0,7.5,cloudy,20.66
2020-03-08,09:00:04,0,7.7,cloudy,20.45
2020-03-08,09:30:02,0,7.4,partly-cloudy-day,20.47
2020-03-08,10:00:02,0,7.7,partly-cloudy-day,20.13
2020-03-08,10:30:02,0,7.9,partly-cloudy-day,19.67
2020-03-08,11:00:03,0,8.2,partly-cloudy-day,19.24
2020-03-08,11:30:02,0,8.5,partly-cloudy-day,18.88
2020-03-08,12:00:01,0,8.6,partly-cloudy-day,19.94
2020-03-08,12:30:01,0,8.7,partly-cloudy-day,20.32
2020-03-08,13:00:05,0,8.7,partly-cloudy-day,19.25
2020-03-08,13:30:02,0.008,8.7,rain,19.69
2020-03-08,14:00:02,0.051,8.7,rain,20.16
2020-03-08,14:30:01,0,8.7,cloudy,20.74
2020-03-08,15:00:02,0,8.6,cloudy,20.96
2020-03-08,15:30:01,0,8.9,partly-cloudy-day,20.32
2020-03-08,16:00:03,0.026,8.6,rain,19.68
2020-03-08,16:30:02,0,8.3,partly-cloudy-day,19.24
2020-03-08,17:00:05,0,8.1,partly-cloudy-day,19.05
2020-03-08,17:30:01,0,7.9,partly-cloudy-day,19.22
2020-03-08,18:00:03,0,7.7,clear-day,19.68
2020-03-08,18:30:02,0,7.6,clear-night,21.7
2020-03-08,19:00:03,0,7.5,clear-night,22.36
2020-03-08,19:30:02,0,7.3,clear-night,23.37
2020-03-08,20:00:01,0,7.2,clear-night,24.42
2020-03-08,20:30:02,0,7.0,wind,25.6
2020-03-08,21:00:03,0,7.0,wind,26.68
2020-03-08,21:30:02,0,6.9,wind,27.5
2020-03-08,22:00:01,0,6.9,wind,28.12
2020-03-08,22:30:01,0,6.9,wind,28.66
2020-03-08,23:00:04,0,6.9,wind,29.1
2020-03-08,23:30:02,0,6.9,wind,29.5
2020-03-09,00:00:02,0,7.1,wind,29.03
2020-03-09,00:30:02,0,7.1,wind,29.45
2020-03-09,01:00:01,0,7.0,wind,29.97
2020-03-09,01:30:01,0,7.1,wind,29.71
2020-03-09,02:00:03,0,7.1,wind,29.3
2020-03-09,02:30:02,0,7.1,wind,28.87
2020-03-09,03:00:01,0,7.1,wind,28.38
2020-03-09,03:30:01,0,7.0,wind,28.1
2020-03-09,04:00:02,0,7.0,wind,27.65
2020-03-09,04:30:02,0,6.9,wind,27.18
2020-03-09,05:00:01,0,6.9,wind,26.64
2020-03-09,05:30:01,0,6.8,wind,26.03
2020-03-09,06:00:03,0,6.8,wind,25.49
2020-03-09,06:30:01,0,6.8,clear-night,24.37
2020-03-09,07:00:03,0,6.7,partly-cloudy-day,22.72
2020-03-09,07:30:02,0,6.6,partly-cloudy-day,21.22
2020-03-09,08:00:01,0,6.6,partly-cloudy-day,19.75
2020-03-09,08:30:02,0,6.5,partly-cloudy-day,18.66
2020-03-09,09:00:02,0.008,6.4,rain,17.99
2020-03-09,09:30:02,0.02,6.3,rain,18.05
2020-03-09,10:00:03,0.054,6.2,rain,18.37
2020-03-09,10:30:02,0.107,6.0,rain,18.69
2020-03-09,11:00:02,0.041,5.9,rain,19.25
2020-03-09,11:30:01,0.039,6.0,rain,20.04
2020-03-09,12:00:02,0.013,6.2,rain,21.07
2020-03-09,12:30:02,0.033,6.5,rain,22.26
2020-03-09,13:00:02,0.04,6.9,rain,23.38
2020-03-09,13:30:01,0.03,7.3,rain,25.23
2020-03-09,14:00:03,0.069,7.7,rain,26.93
2020-03-09,14:30:01,0.034,8.0,rain,28.16
2020-03-09,15:00:01,0.018,8.4,rain,28.56
2020-03-09,15:30:02,0.006,8.9,wind,27.7
2020-03-09,16:00:02,0.036,9.4,rain,26.22
2020-03-09,16:30:01,0.054,9.9,rain,24.85
2020-03-09,17:00:03,0.061,10.3,rain,23.55
2020-03-09,17:30:02,0.019,10.7,rain,22.38
2020-03-09,18:00:02,0.01,11.2,cloudy,21.6
2020-03-09,18:30:01,0.012,11.4,cloudy,21.59
2020-03-09,19:00:01,0.008,11.6,cloudy,21.54
2020-03-09,19:30:02,0,11.7,cloudy,21.7
2020-03-09,20:00:02,0.024,11.7,rain,21.8
2020-03-09,20:30:02,0,11.7,wind,21.54
2020-03-09,21:00:02,0,11.6,wind,21.2
2020-03-09,21:30:01,0,11.6,partly-cloudy-night,20.46
2020-03-09,22:00:01,0,11.6,partly-cloudy-night,20.17
2020-03-09,22:30:01,0,11.5,partly-cloudy-night,19.73
2020-03-09,23:00:01,0,11.5,partly-cloudy-night,19.26
2020-03-09,23:30:02,0.007,11.5,rain,18.68
2020-03-10,00:00:03,0.005,11.5,partly-cloudy-night,20.53
2020-03-10,00:30:01,0.01,11.2,rain,20.6
2020-03-10,01:00:02,0.018,10.9,rain,20.57
2020-03-10,01:30:01,0.008,10.8,rain,19.71
2020-03-10,02:00:01,0.017,10.8,rain,18.73
2020-03-10,02:30:01,0,10.8,partly-cloudy-night,18.03
2020-03-10,03:00:02,0,11.4,partly-cloudy-night,15.97
2020-03-10,03:30:02,0,11.3,partly-cloudy-night,16.04
2020-03-10,04:00:02,0,11.4,partly-cloudy-night,16.42
2020-03-10,04:30:01,0,11.4,partly-cloudy-night,16.9
2020-03-10,05:00:05,0,11.4,cloudy,17.45
2020-03-10,05:30:02,0,11.4,cloudy,18.12
2020-03-10,06:00:01,0,11.4,cloudy,18.64
2020-03-10,06:30:01,0,11.2,cloudy,19.02
2020-03-10,07:00:05,0,10.9,partly-cloudy-day,19.83
2020-03-10,07:30:01,0,10.8,cloudy,20.47
2020-03-10,08:00:01,0,10.7,cloudy,21.18
2020-03-10,08:30:01,0,10.6,cloudy,21.8
2020-03-10,09:00:02,0,10.6,cloudy,22.46
2020-03-10,09:30:01,0,10.7,partly-cloudy-day,23.57
2020-03-10,10:00:03,0,10.6,partly-cloudy-day,23.8
2020-03-10,10:30:02,0,10.5,cloudy,24.23
2020-03-10,11:00:02,0,10.4,cloudy,24.69
2020-03-10,11:30:01,0,10.5,wind,25.34
2020-03-10,12:00:02,0,10.5,wind,25.9
2020-03-10,12:30:02,0,10.4,wind,25.8
2020-03-10,13:00:03,0,10.4,wind,25.56
2020-03-10,13:30:02,0,10.3,wind,25.23
2020-03-10,14:00:02,0,10.3,partly-cloudy-day,24.78
2020-03-10,14:30:01,0,10.2,partly-cloudy-day,24.16
2020-03-10,15:00:03,0,10.1,partly-cloudy-day,23.45
2020-03-10,15:30:01,0,9.8,partly-cloudy-day,22.83
2020-03-10,16:00:03,0,9.6,partly-cloudy-day,21.92
2020-03-10,16:30:02,0,9.4,partly-cloudy-day,20.67
2020-03-10,17:00:04,0,9.2,partly-cloudy-day,19.35
2020-03-10,17:30:01,0,9.0,partly-cloudy-day,18.06
2020-03-10,18:00:04,0,8.8,partly-cloudy-day,16.58
2020-03-10,18:30:02,0,8.7,partly-cloudy-night,15.58
2020-03-10,19:00:02,0,8.5,partly-cloudy-night,14.52
2020-03-10,19:30:01,0,8.3,clear-night,14.04
2020-03-10,20:00:01,0,8.0,clear-night,13.69
2020-03-10,20:30:01,0,7.8,clear-night,13.38
2020-03-10,21:00:04,0,7.6,clear-night,13.06
2020-03-10,21:30:02,0,7.4,clear-night,13.04
2020-03-10,22:00:02,0,7.3,clear-night,12.83
2020-03-10,22:30:01,0,7.1,clear-night,12.62
2020-03-10,23:00:02,0,6.9,clear-night,12.46
2020-03-10,23:30:01,0,6.8,clear-night,12.46
2020-03-11,00:00:01,0,6.7,clear-night,12.76
2020-03-11,00:30:01,0,6.7,clear-night,13.33
2020-03-11,01:00:02,0,6.6,clear-night,14.02
2020-03-11,01:30:02,0,6.7,clear-night,14.98
2020-03-11,02:00:03,0,6.9,clear-night,16.03
2020-03-11,02:30:02,0,7.0,clear-night,17.01
2020-03-11,03:00:02,0,7.1,clear-night,17.91
2020-03-11,03:30:01,0,7.2,clear-night,18.77
2020-03-11,04:00:01,0,7.3,clear-night,19.53
2020-03-11,04:30:01,0,7.4,clear-night,20.27
2020-03-11,05:00:01,0,7.5,clear-night,20.93
2020-03-11,05:30:02,0,7.6,clear-night,21.5
2020-03-11,06:00:02,0,7.8,clear-night,21.78
2020-03-11,06:30:02,0,8.0,clear-night,22.37
2020-03-11,07:00:01,0,8.0,partly-cloudy-day,22.76
2020-03-11,07:30:01,0,8.0,partly-cloudy-day,22.48
2020-03-11,08:00:03,0,8.0,partly-cloudy-day,22.17
2020-03-11,08:30:01,0,8.1,partly-cloudy-day,22.14
2020-03-11,09:00:03,0,8.1,partly-cloudy-day,22.01
2020-03-11,09:30:01,0,8.2,partly-cloudy-day,21.47
2020-03-11,10:00:03,0,8.2,partly-cloudy-day,20.76
2020-03-11,10:30:01,0,8.2,partly-cloudy-day,19.83
2020-03-11,11:00:02,0,8.1,partly-cloudy-day,18.87
2020-03-11,11:30:02,0,8.1,partly-cloudy-day,17.87
2020-03-11,12:00:03,0,8.1,partly-cloudy-day,17.15
2020-03-11,12:30:01,0,8.5,partly-cloudy-day,17.94
2020-03-11,13:00:02,0,8.8,partly-cloudy-day,18.03
2020-03-11,13:30:02,0,8.9,partly-cloudy-day,18.81
2020-03-11,14:00:02,0,9.1,partly-cloudy-day,19.6
2020-03-11,14:30:02,0.006,9.4,partly-cloudy-day,20.18
2020-03-11,15:00:02,0.122,9.5,rain,20.6
2020-03-11,15:30:02,0.072,9.7,rain,22.49
2020-03-11,16:00:01,0,9.4,partly-cloudy-day,22.63
2020-03-11,16:30:01,0.019,9.2,wind,22.94
2020-03-11,17:00:03,0.177,8.8,rain,23.21
2020-03-11,17:30:01,0.213,8.5,rain,22.89
2020-03-11,18:00:01,0.075,8.1,rain,23.13
2020-03-11,18:30:01,0.048,7.9,rain,25.21
2020-03-11,19:00:03,0.061,7.4,rain,26.2
2020-03-11,19:30:01,0,6.9,wind,27.46
2020-03-11,20:00:04,0,6.3,wind,28.5
2020-03-11,20:30:02,0,5.8,wind,29.46
2020-03-11,21:00:02,0.014,5.3,rain,30.27
2020-03-11,21:30:02,0,4.8,wind,30.45
2020-03-11,22:00:03,0,4.5,wind,30.63
2020-03-11,22:30:01,0,4.3,wind,30.8
2020-03-11,23:00:02,0,4.1,wind,30.95
2020-03-11,23:30:02,0,3.9,wind,30.92
2020-03-12,00:00:02,0,4.3,wind,29.78
2020-03-12,00:30:01,0,4.2,wind,29.91
2020-03-12,01:00:01,0,4.4,wind,30.12
2020-03-12,01:30:02,0.015,4.2,rain,28.95
2020-03-12,02:00:02,0,4.1,wind,27.4
2020-03-12,02:30:02,0.017,4.0,wind,26.27
2020-03-12,03:00:02,0,4.0,wind,25.47
2020-03-12,03:30:02,0,4.0,clear-night,24.96
2020-03-12,04:00:02,0,4.1,clear-night,24.81
2020-03-12,04:30:01,0,4.2,clear-night,24.77
2020-03-12,05:00:01,0,4.4,clear-night,24.94
2020-03-12,05:30:01,0,4.6,wind,25.23
2020-03-12,06:00:04,0,4.7,wind,26.59
2020-03-12,06:30:02,0,4.9,wind,26.97
2020-03-12,07:00:02,0,5.1,wind,27.82
2020-03-12,07:30:02,0,5.3,wind,28.33
2020-03-12,08:00:03,0,5.5,wind,28.95
2020-03-12,08:30:01,0,5.6,wind,29.58
2020-03-12,09:00:02,0,5.8,wind,30.27
2020-03-12,09:30:02,0,6.1,wind,31.36
2020-03-12,10:00:01,0,6.4,wind,32.61
2020-03-12,10:30:01,0,6.6,wind,34.1
2020-03-12,11:00:02,0,6.9,wind,35.49
2020-03-12,11:30:01,0,7.1,wind,36.61
2020-03-12,12:00:04,0,7.5,wind,37.6
2020-03-12,12:30:01,0,7.7,wind,37.38
2020-03-12,13:00:01,0,7.9,wind,34.78
2020-03-12,13:30:01,0,8.0,wind,33.4
2020-03-12,14:00:02,0,8.2,wind,32.02
2020-03-12,14:30:02,0,8.3,wind,31.13
2020-03-12,15:00:03,0,8.3,wind,30.6
2020-03-12,15:30:01,0.01,8.3,rain,30.6
2020-03-12,16:00:02,0.148,8.1,rain,30.69
2020-03-12,16:30:01,0,7.9,wind,30.66
2020-03-12,17:00:01,0,7.7,wind,30.46
2020-03-12,17:30:01,0,7.6,wind,30.5
2020-03-12,18:00:03,0,7.5,wind,30.11
2020-03-12,18:30:02,0.094,7.3,rain,29.79
2020-03-12,19:00:02,0.006,7.3,rain,29.75
2020-03-12,19:30:01,0,7.2,wind,29.61
2020-03-12,20:00:02,0,7.0,wind,29.57
2020-03-12,20:30:02,0,6.9,wind,29.67
2020-03-12,21:00:03,0,6.9,wind,29.81
2020-03-12,21:30:02,0,6.8,wind,29.72
2020-03-12,22:00:02,0,6.9,wind,29.82
2020-03-12,22:30:02,0,6.9,wind,29.84
2020-03-12,23:00:02,0,7.0,wind,29.75
2020-03-12,23:30:01,0,7.1,wind,29.56
2020-03-13,00:00:01,0,7.1,wind,28.94
2020-03-13,00:30:02,0,7.1,wind,28.5
2020-03-13,01:00:02,0,7.0,wind,27.97
2020-03-13,01:30:01,0,6.9,wind,27.34
2020-03-13,02:00:01,0,6.8,wind,26.67
2020-03-13,02:30:01,0,6.8,wind,25.84
2020-03-13,03:00:01,0,6.7,partly-cloudy-night,24.88
2020-03-13,03:30:02,0,6.5,clear-night,23.32
2020-03-13,04:00:03,0,6.4,clear-night,21.99
2020-03-13,04:30:01,0,6.4,clear-night,20.56
2020-03-13,05:00:03,0,6.4,clear-night,19.06
2020-03-13,05:30:01,0,6.3,clear-night,17.6
2020-03-13,06:00:01,0,6.3,partly-cloudy-night,16.13
2020-03-13,06:30:01,0,6.4,partly-cloudy-night,15.14
2020-03-13,07:00:03,0,6.4,partly-cloudy-day,14.52
2020-03-13,07:30:02,0,6.4,partly-cloudy-day,13.46
2020-03-13,08:00:02,0,6.4,partly-cloudy-day,12.42
2020-03-13,08:30:01,0,6.5,partly-cloudy-day,11.52
2020-03-13,09:00:03,0,6.6,partly-cloudy-day,10.69
2020-03-13,09:30:01,0,6.7,partly-cloudy-day,9.58
2020-03-13,10:00:03,0,6.9,partly-cloudy-day,8.81
2020-03-13,10:30:02,0,7.1,partly-cloudy-day,8.02
2020-03-13,11:00:01,0,7.3,partly-cloudy-day,7.46
2020-03-13,11:30:01,0,7.5,partly-cloudy-day,7.3
2020-03-13,12:00:04,0,7.6,partly-cloudy-day,7.28
2020-03-13,12:30:01,0,7.7,partly-cloudy-day,8.51
2020-03-13,13:00:06,0,7.8,partly-cloudy-day,10.39
2020-03-13,13:30:02,0,7.9,partly-cloudy-day,12.5
2020-03-13,14:00:01,0,8.0,partly-cloudy-day,14.62
2020-03-13,14:30:02,0,8.0,partly-cloudy-day,16.55
2020-03-13,15:00:01,0,8.0,partly-cloudy-day,18.27
2020-03-13,15:30:02,0,7.9,cloudy,18.49
2020-03-13,16:00:02,0,7.7,cloudy,19.49
2020-03-13,16:30:01,0,7.5,cloudy,20.39
2020-03-13,17:00:03,0,7.3,cloudy,21.26
2020-03-13,17:30:02,0,7.1,cloudy,21.98
2020-03-13,18:00:01,0,7.2,cloudy,22.32
2020-03-13,18:30:02,0.045,7.2,rain,22.96
2020-03-13,19:00:03,0.019,7.2,rain,23
2020-03-13,19:30:01,0,7.2,cloudy,23.07
2020-03-13,20:00:01,0,7.1,cloudy,23.52
2020-03-13,20:30:01,0,7.1,cloudy,23.81
2020-03-13,21:00:04,0,7.1,cloudy,24.05
2020-03-13,21:30:01,0,7.2,cloudy,23.65
2020-03-13,22:00:03,0,7.3,cloudy,23.41
2020-03-13,22:30:01,0,7.4,cloudy,23.16
2020-03-13,23:00:04,0,7.5,cloudy,22.82
2020-03-13,23:30:01,0,7.6,cloudy,22.29
2020-03-14,00:00:03,0,7.6,cloudy,20.54
2020-03-14,00:30:01,0,7.7,cloudy,19.11
2020-03-14,01:00:03,0,7.6,cloudy,17.64
2020-03-14,01:30:01,0,7.7,cloudy,15.69
2020-03-14,02:00:02,0,7.7,partly-cloudy-night,13.75
2020-03-14,02:30:02,0,7.7,partly-cloudy-night,12.12
2020-03-14,03:00:02,0,7.7,partly-cloudy-night,10.85
2020-03-14,03:30:02,0,7.7,partly-cloudy-night,11.09
2020-03-14,04:00:01,0,7.7,partly-cloudy-night,10.58
2020-03-14,04:30:02,0,7.6,partly-cloudy-night,10.37
2020-03-14,05:00:03,0,7.5,partly-cloudy-night,10.41
2020-03-14,05:30:02,0,7.3,partly-cloudy-night,10.6
2020-03-14,06:00:01,0,7.2,partly-cloudy-night,11.31
2020-03-14,06:30:01,0,7.1,partly-cloudy-night,11.93
2020-03-14,07:00:02,0,7.4,partly-cloudy-day,12.89
2020-03-14,07:30:02,0,7.3,partly-cloudy-day,13.8
2020-03-14,08:00:01,0,7.3,partly-cloudy-day,14.59
2020-03-14,08:30:01,0,7.3,partly-cloudy-day,15.28
2020-03-14,09:00:03,0,7.3,partly-cloudy-day,15.76
2020-03-14,09:30:01,0,7.4,partly-cloudy-day,16.08
2020-03-14,10:00:03,0,7.6,partly-cloudy-day,15.93
2020-03-14,10:30:02,0,7.8,partly-cloudy-day,15.64
2020-03-14,11:00:01,0,8.1,partly-cloudy-day,15.41
2020-03-14,11:30:02,0,8.3,partly-cloudy-day,15.44
2020-03-14,12:00:02,0.016,8.5,rain,15.86
2020-03-14,12:30:02,0.025,8.6,rain,17.59
2020-03-14,13:00:01,0.015,8.7,rain,19.51
2020-03-14,13:30:01,0.022,8.8,rain,20.75
2020-03-14,14:00:02,0.01,8.9,rain,21.83
2020-03-14,14:30:01,0,9.1,cloudy,22.57
2020-03-14,15:00:02,0,9.3,cloudy,23.17
2020-03-14,15:30:01,0,9.5,cloudy,23.6
2020-03-14,16:00:03,0,9.7,cloudy,23.84
2020-03-14,16:30:02,0,9.8,cloudy,23.53
2020-03-14,17:00:02,0,10.0,partly-cloudy-day,23.44
2020-03-14,17:30:01,0,10.2,partly-cloudy-day,24.8
2020-03-14,18:00:01,0,10.4,wind,25.82
2020-03-14,18:30:02,0,10.3,wind,25.67
2020-03-14,19:00:02,0,10.7,partly-cloudy-night,24.68
2020-03-14,19:30:02,0.042,10.6,rain,24.21
2020-03-14,20:00:01,0,10.5,partly-cloudy-night,23.31
2020-03-14,20:30:02,0,10.4,partly-cloudy-night,22.49
2020-03-14,21:00:02,0,10.2,partly-cloudy-night,21.59
2020-03-14,21:30:02,0,9.9,partly-cloudy-night,20.72
2020-03-14,22:00:01,0,9.6,partly-cloudy-night,19.48
2020-03-14,22:30:01,0,9.3,partly-cloudy-night,18.78
2020-03-14,23:00:03,0,9.0,partly-cloudy-night,18.19
2020-03-14,23:30:02,0,8.8,partly-cloudy-night,17.52
2020-03-15,00:00:02,0,8.8,partly-cloudy-night,17.89
2020-03-15,00:30:01,0,8.6,partly-cloudy-night,17.74
2020-03-15,01:00:02,0,8.3,partly-cloudy-night,18.78
2020-03-15,01:30:02,0,8.1,partly-cloudy-night,18.74
2020-03-15,02:00:01,0,7.9,cloudy,18.79
2020-03-15,02:30:02,0,7.7,cloudy,18.99
2020-03-15,03:00:01,0,7.5,cloudy,19.34
2020-03-15,03:30:02,0,7.4,cloudy,19.75
2020-03-15,04:00:01,0,7.3,cloudy,20.43
2020-03-15,04:30:02,0,7.2,partly-cloudy-night,21.15
2020-03-15,05:00:02,0,7.1,partly-cloudy-night,21.82
2020-03-15,05:30:01,0,6.9,partly-cloudy-night,22.28
2020-03-15,06:00:03,0,6.8,partly-cloudy-night,23.05
2020-03-15,06:30:01,0,6.7,partly-cloudy-night,22.98
2020-03-15,07:00:01,0,6.7,partly-cloudy-day,22.74
2020-03-15,07:30:01,0,6.6,partly-cloudy-day,22.13
2020-03-15,08:00:01,0,6.6,partly-cloudy-day,21.38
2020-03-15,08:30:02,0,6.6,partly-cloudy-day,20.66
2020-03-15,09:00:02,0,6.8,partly-cloudy-day,19.97
2020-03-15,09:30:02,0,6.9,partly-cloudy-day,19.42
2020-03-15,10:00:01,0,7.2,partly-cloudy-day,18.95
2020-03-15,10:30:01,0,7.5,partly-cloudy-day,18.42
2020-03-15,11:00:03,0,7.8,partly-cloudy-day,17.95
2020-03-15,11:30:02,0,8.0,partly-cloudy-day,17.58
2020-03-15,12:00:01,0,8.2,partly-cloudy-day,17.36
2020-03-15,12:30:01,0,8.5,partly-cloudy-day,16.57
2020-03-15,13:00:03,0,8.5,partly-cloudy-day,15.89
2020-03-15,13:30:01,0,8.5,partly-cloudy-day,15.81
2020-03-15,14:00:03,0,8.5,partly-cloudy-day,15.82
2020-03-15,14:30:02,0,8.5,partly-cloudy-day,15.84
2020-03-15,15:00:02,0,8.3,partly-cloudy-day,15.95
2020-03-15,15:30:02,0,8.9,partly-cloudy-day,15.74
2020-03-15,16:00:01,0,8.6,partly-cloudy-day,16.14
2020-03-15,16:30:02,0,8.5,partly-cloudy-day,16.72
2020-03-15,17:00:01,0,8.3,partly-cloudy-day,17.33
2020-03-15,17:30:01,0,8.2,partly-cloudy-day,17.74
2020-03-15,18:00:04,0,8.0,partly-cloudy-day,17.8
2020-03-15,18:30:02,0,7.8,partly-cloudy-night,18.19
2020-03-15,19:00:02,0,7.6,clear-night,17.97
2020-03-15,19:30:01,0,7.3,clear-night,17.67
2020-03-15,20:00:05,0,7.1,clear-night,17.27
2020-03-15,20:30:02,0,6.8,clear-night,16.86
2020-03-15,21:00:02,0,6.5,clear-night,16.46
2020-03-15,21:30:02,0,6.1,clear-night,16.09
2020-03-15,22:00:02,0,5.9,clear-night,15.78
2020-03-15,22:30:02,0,5.6,clear-night,15.47
2020-03-15,23:00:02,0,5.4,clear-night,15.15
2020-03-15,23:30:02,0,5.2,clear-night,14.83
2020-03-16,00:00:03,0,5.0,clear-night,14.48
2020-03-16,00:30:01,0,4.8,clear-night,14.07
2020-03-16,01:00:01,0,4.6,clear-night,13.84
2020-03-16,01:30:02,0,4.4,clear-night,13.39
2020-03-16,02:00:01,0,4.2,clear-night,12.99
2020-03-16,02:30:01,0,4.1,clear-night,12.57
2020-03-16,03:00:03,0,4.0,clear-night,12.15
2020-03-16,03:30:01,0,3.9,clear-night,11.97
2020-03-16,04:00:02,0,3.8,clear-night,11.62
2020-03-16,04:30:02,0,3.8,clear-night,11.29
2020-03-16,05:00:04,0,3.9,clear-night,11.01
2020-03-16,05:30:02,0,4.0,clear-night,10.86
2020-03-16,06:00:02,0,4.0,clear-night,10.62
2020-03-16,06:30:02,0,4.2,clear-night,10.76
2020-03-16,07:00:02,0,4.6,clear-day,11.11
2020-03-16,07:30:02,0,4.8,clear-day,11.66
2020-03-16,08:00:02,0,5.2,clear-day,12.2
2020-03-16,08:30:01,0,5.6,partly-cloudy-day,12.8
2020-03-16,09:00:01,0,6.0,partly-cloudy-day,13.47
2020-03-16,09:30:02,0,6.4,partly-cloudy-day,14.31
2020-03-16,10:00:04,0,6.8,partly-cloudy-day,15.2
2020-03-16,10:30:02,0,7.2,partly-cloudy-day,16.16
2020-03-16,11:00:04,0,7.7,partly-cloudy-day,17.11
2020-03-16,11:30:02,0,8.0,partly-cloudy-day,17.98
2020-03-16,12:00:02,0,8.4,partly-cloudy-day,18.85
2020-03-16,12:30:02,0,8.6,partly-cloudy-day,19.56
2020-03-16,13:00:02,0,8.7,partly-cloudy-day,19.81
2020-03-16,13:30:02,0,8.9,partly-cloudy-day,20.86
2020-03-16,14:00:02,0,9.0,partly-cloudy-day,21.46
2020-03-16,14:30:01,0,9.1,partly-cloudy-day,21.97
2020-03-16,15:00:01,0,9.2,cloudy,22.4
2020-03-16,15:30:01,0,9.3,cloudy,22.5
2020-03-16,16:00:01,0,9.3,cloudy,22.67
2020-03-16,16:30:02,0,9.3,cloudy,22.76
2020-03-16,17:00:02,0,9.3,cloudy,22.81
2020-03-16,17:30:02,0,9.3,cloudy,22.78
2020-03-16,18:00:02,0,9.4,cloudy,22.82
2020-03-16,18:30:02,0,9.5,cloudy,22.68
2020-03-16,19:00:03,0,9.6,cloudy,22.79
2020-03-16,19:30:02,0,9.6,cloudy,22.68
2020-03-16,20:00:03,0,9.6,cloudy,22.48
2020-03-16,20:30:01,0,9.6,cloudy,22.14
2020-03-16,21:00:01,0,9.6,cloudy,21.64
2020-03-16,21:30:01,0,9.6,cloudy,21.24
2020-03-16,22:00:02,0,9.6,cloudy,20.25
2020-03-16,22:30:01,0,9.5,cloudy,19.14
2020-03-16,23:00:03,0,9.5,cloudy,17.99
2020-03-16,23:30:01,0,9.5,cloudy,16.93
2020-03-17,00:00:02,0,9.3,cloudy,13.81
2020-03-17,00:30:01,0,9.2,cloudy,13.29
2020-03-17,01:00:03,0,9.1,cloudy,12.95
2020-03-17,01:30:01,0,9.0,cloudy,12.83
2020-03-17,02:00:02,0,8.9,cloudy,12.79
2020-03-17,02:30:01,0,8.7,cloudy,12.71
2020-03-17,03:00:03,0,8.6,cloudy,12.64
2020-03-17,03:30:01,0,8.6,cloudy,12.65
2020-03-17,04:00:03,0,8.4,cloudy,12.62
2020-03-17,04:30:02,0,8.3,cloudy,12.66
2020-03-17,05:00:03,0,8.3,cloudy,12.74
2020-03-17,05:30:02,0,8.2,cloudy,12.8
2020-03-17,06:00:03,0,8.3,cloudy,12.56
2020-03-17,06:30:02,0,8.3,cloudy,12.45
2020-03-17,07:00:05,0,8.3,cloudy,11.16
2020-03-17,07:30:01,0,8.3,partly-cloudy-day,11.11
2020-03-17,08:00:02,0,8.4,partly-cloudy-day,11.11
2020-03-17,08:30:02,0,8.5,partly-cloudy-day,11.19
2020-03-17,09:00:02,0,8.6,partly-cloudy-day,11.27
2020-03-17,09:30:02,0,8.7,partly-cloudy-day,11.46
2020-03-17,10:00:02,0,8.9,partly-cloudy-day,11.46
2020-03-17,10:30:02,0,9.1,partly-cloudy-day,11.43
2020-03-17,11:00:01,0,9.2,partly-cloudy-day,11.53
2020-03-17,11:30:02,0,9.4,partly-cloudy-day,11.85
2020-03-17,12:00:01,0,9.6,partly-cloudy-day,13.05
2020-03-17,12:30:01,0,9.8,cloudy,14.3
2020-03-17,13:00:01,0,10.1,cloudy,16.3
2020-03-17,13:30:02,0,10.3,cloudy,18.13
2020-03-17,14:00:03,0,10.5,cloudy,19.91
2020-03-17,14:30:01,0,10.8,cloudy,21.44
2020-03-17,15:00:02,0,11.1,cloudy,22.68
2020-03-17,15:30:02,0,11.5,partly-cloudy-day,23.64
2020-03-17,16:00:01,0,11.7,partly-cloudy-day,24.11
2020-03-17,16:30:02,0,11.8,partly-cloudy-day,24.14
2020-03-17,17:00:02,0,11.9,partly-cloudy-day,24.35
2020-03-17,17:30:02,0,11.9,wind,26.08
2020-03-17,18:00:02,0,11.8,wind,27.02
2020-03-17,18:30:02,0,11.6,wind,26.31
2020-03-17,19:00:01,0,11.7,wind,25.2
2020-03-17,19:30:01,0,11.6,wind,23.42
2020-03-17,20:00:03,0,11.5,partly-cloudy-night,21.49
2020-03-17,20:30:01,0,11.3,cloudy,19.87
2020-03-17,21:00:01,0,11.0,cloudy,18.27
2020-03-17,21:30:02,0,10.4,cloudy,16.31
2020-03-17,22:00:02,0.01,9.7,rain,14.64
2020-03-17,22:30:01,0.013,9.2,rain,13.9
2020-03-17,23:00:03,0.008,8.7,rain,13.39
2020-03-17,23:30:02,0.01,8.2,cloudy,12.99
2020-03-18,00:00:03,0,7.9,cloudy,12.77
2020-03-18,00:30:02,0,7.6,cloudy,12.48
2020-03-18,01:00:01,0.014,7.3,rain,12.99
2020-03-18,01:30:01,0.01,7.1,rain,13.4
2020-03-18,02:00:01,0.012,6.9,rain,13.77
2020-03-18,02:30:02,0.045,6.8,rain,13.96
2020-03-18,03:00:02,0.149,6.6,rain,13.92
2020-03-18,03:30:02,0.037,6.4,rain,13.39
2020-03-18,04:00:02,0.041,6.3,rain,12.85
2020-03-18,04:30:01,0.089,6.2,rain,12.15
2020-03-18,05:00:02,0.027,6.2,rain,11.43
2020-03-18,05:30:01,0.033,6.1,rain,10.78
2020-03-18,06:00:02,0.043,6.0,rain,10.44
2020-03-18,06:30:01,0.037,5.9,rain,10.21
2020-03-18,07:00:01,0.015,5.8,rain,9.93
2020-03-18,07:30:02,0.023,5.7,rain,9.8
2020-03-18,08:00:02,0.054,5.6,rain,9.4
2020-03-18,08:30:02,0.082,5.7,rain,9.07
2020-03-18,09:00:04,0.069,5.8,rain,8.84
2020-03-18,09:30:01,0.017,5.9,rain,8.59
2020-03-18,10:00:03,0.03,6.3,rain,8.69
2020-03-18,10:30:02,0.011,6.5,rain,8.83
2020-03-18,11:00:03,0,6.7,cloudy,9.01
2020-03-18,11:30:01,0,7.0,cloudy,9.17
2020-03-18,12:00:03,0,7.2,cloudy,9.9
2020-03-18,12:30:02,0,7.4,cloudy,9.95
2020-03-18,13:00:01,0.004,7.5,cloudy,10.05
2020-03-18,13:30:01,0,7.6,cloudy,9.97
2020-03-18,14:00:02,0.007,7.6,rain,9.87
2020-03-18,14:30:02,0.007,7.7,cloudy,9.78
2020-03-18,15:00:02,0.012,7.7,rain,9.68
2020-03-18,15:30:02,0.005,8.1,partly-cloudy-day,9.38
2020-03-18,16:00:01,0.007,7.9,rain,9.48
2020-03-18,16:30:01,0.007,7.9,partly-cloudy-day,9.61
2020-03-18,17:00:01,0,7.8,partly-cloudy-day,9.77
2020-03-18,17:30:02,0,7.8,partly-cloudy-day,9.89
2020-03-18,18:00:01,0,7.7,partly-cloudy-day,9.64
2020-03-18,18:30:02,0,7.6,partly-cloudy-night,9.89
2020-03-18,19:00:02,0,7.5,cloudy,9.12
2020-03-18,19:30:01,0,7.3,cloudy,9.65
2020-03-18,20:00:01,0.005,7.1,cloudy,10.14
2020-03-18,20:30:01,0,6.9,cloudy,10.55
2020-03-18,21:00:02,0,6.7,cloudy,10.83
2020-03-18,21:30:01,0,6.4,cloudy,10.76
2020-03-18,22:00:02,0,6.2,cloudy,10.76
2020-03-18,22:30:02,0,6.0,partly-cloudy-night,10.66
2020-03-18,23:00:02,0,5.8,partly-cloudy-night,10.51
2020-03-18,23:30:02,0,5.6,partly-cloudy-night,10.41
2020-03-19,00:00:03,0,5.4,partly-cloudy-night,10.21
2020-03-19,00:30:02,0,5.2,partly-cloudy-night,10.18
2020-03-19,01:00:02,0,4.9,partly-cloudy-night,10.02
2020-03-19,01:30:02,0,4.7,partly-cloudy-night,10.1
2020-03-19,02:00:02,0,4.5,partly-cloudy-night,10.2
2020-03-19,02:30:02,0,4.4,partly-cloudy-night,10.27
2020-03-19,03:00:02,0,4.2,partly-cloudy-night,10.35
2020-03-19,03:30:02,0,4.0,partly-cloudy-night,10.54
2020-03-19,04:00:02,0,3.8,partly-cloudy-night,10.48
2020-03-19,04:30:02,0,3.8,partly-cloudy-night,10.4
2020-03-19,05:00:01,0,3.7,partly-cloudy-night,10.3
2020-03-19,05:30:01,0,3.7,partly-cloudy-night,10.22
2020-03-19,06:00:02,0,3.6,partly-cloudy-night,10.18
2020-03-19,06:30:01,0,3.7,partly-cloudy-night,10.08
2020-03-19,07:00:01,0,3.7,partly-cloudy-day,9.36
2020-03-19,07:30:02,0,3.8,partly-cloudy-day,9.1
2020-03-19,08:00:03,0,4.1,partly-cloudy-day,8.85
2020-03-19,08:30:01,0,4.2,partly-cloudy-day,8.68
2020-03-19,09:00:03,0,4.4,partly-cloudy-day,8.62
2020-03-19,09:30:02,0,4.6,partly-cloudy-day,8.88
2020-03-19,10:00:02,0,5.1,partly-cloudy-day,9.12
2020-03-19,10:30:01,0,5.2,partly-cloudy-day,9.42
2020-03-19,11:00:03,0,5.8,partly-cloudy-day,9.7
2020-03-19,11:30:01,0,6.1,partly-cloudy-day,9.99
2020-03-19,12:00:03,0,6.2,partly-cloudy-day,10.21
2020-03-19,12:30:02,0,6.4,partly-cloudy-day,9.96
2020-03-19,13:00:01,0,6.4,partly-cloudy-day,9.46
2020-03-19,13:30:01,0,6.5,partly-cloudy-day,9.14
2020-03-19,14:00:01,0,6.5,partly-cloudy-day,8.9
2020-03-19,14:30:01,0,6.5,cloudy,8.83
2020-03-19,15:00:01,0,6.6,cloudy,8.99
2020-03-19,15:30:02,0,6.7,partly-cloudy-day,8.68
2020-03-19,16:00:02,0,6.7,partly-cloudy-day,9.51
2020-03-19,16:30:01,0,6.7,partly-cloudy-day,10.53
2020-03-19,17:00:01,0,6.7,partly-cloudy-day,11.62
2020-03-19,17:30:01,0,6.8,partly-cloudy-day,12.7
2020-03-19,18:00:02,0,6.9,partly-cloudy-day,13.87
2020-03-19,18:30:01,0,7.1,partly-cloudy-day,13.72
2020-03-19,19:00:02,0,7.2,partly-cloudy-night,15.02
2020-03-19,19:30:02,0,7.3,partly-cloudy-night,16.75
2020-03-19,20:00:03,0,7.3,partly-cloudy-night,18.38
2020-03-19,20:30:02,0,7.3,partly-cloudy-night,19.72
2020-03-19,21:00:04,0,7.3,partly-cloudy-night,20.66
2020-03-19,21:30:01,0,7.1,partly-cloudy-night,20.32
2020-03-19,22:00:02,0,7.0,partly-cloudy-night,20.36
2020-03-19,22:30:02,0,6.8,partly-cloudy-night,20.15
2020-03-19,23:00:01,0,6.5,partly-cloudy-night,19.84
2020-03-19,23:30:02,0,6.3,clear-night,19.56
2020-03-20,00:00:02,0,6.1,clear-night,19.32
2020-03-20,00:30:01,0,6.0,clear-night,19.12
2020-03-20,01:00:02,0,5.7,clear-night,18.53
2020-03-20,01:30:02,0,5.5,clear-night,18.35
2020-03-20,02:00:02,0,5.4,clear-night,18.12
2020-03-20,02:30:01,0,5.3,clear-night,17.99
2020-03-20,03:00:04,0,5.2,clear-night,17.95
2020-03-20,03:30:02,0,5.0,clear-night,17.94
2020-03-20,04:00:01,0,5.0,clear-night,18.1
2020-03-20,04:30:01,0,5.1,clear-night,18.31
2020-03-20,05:00:04,0,5.2,clear-night,18.5
2020-03-20,05:30:01,0,5.3,clear-night,18.66
2020-03-20,06:00:02,0,5.5,clear-night,18.92
2020-03-20,06:30:01,0,5.6,clear-night,19.13
2020-03-20,07:00:03,0,5.8,clear-day,19.23
2020-03-20,07:30:02,0,5.9,clear-day,19.08
2020-03-20,08:00:01,0,6.0,clear-day,18.9
2020-03-20,08:30:01,0,6.1,clear-day,18.73
2020-03-20,09:00:02,0,6.2,clear-day,18.48
2020-03-20,09:30:01,0,6.1,clear-day,17.97
2020-03-20,10:00:03,0,6.3,clear-day,17.69
2020-03-20,10:30:02,0,6.5,partly-cloudy-day,17.32
2020-03-20,11:00:03,0,6.6,partly-cloudy-day,17.05
2020-03-20,11:30:02,0,6.7,partly-cloudy-day,16.86
2020-03-20,12:00:03,0,6.8,partly-cloudy-day,17.08
2020-03-20,12:30:02,0,6.9,partly-cloudy-day,17.35
2020-03-20,13:00:03,0,6.9,partly-cloudy-day,18.14
2020-03-20,13:30:02,0,6.9,partly-cloudy-day,18.71
2020-03-20,14:00:02,0,6.8,partly-cloudy-day,19.33
2020-03-20,14:30:02,0,6.9,partly-cloudy-day,19.85
2020-03-20,15:00:02,0,6.9,clear-day,20.27
2020-03-20,15:30:02,0,7.1,clear-day,20.34
2020-03-20,16:00:02,0,7.2,clear-day,20.52
2020-03-20,16:30:01,0,7.3,clear-day,20.62
2020-03-20,17:00:01,0,7.4,clear-day,20.69
2020-03-20,17:30:02,0,7.5,clear-day,20.84
2020-03-20,18:00:01,0,7.6,clear-day,21.09
2020-03-20,18:30:01,0,7.8,clear-day,22.19
2020-03-20,19:00:02,0,7.8,clear-night,22.73
2020-03-20,19:30:01,0,7.9,clear-night,23.43
2020-03-20,20:00:03,0,7.9,partly-cloudy-night,24.08
2020-03-20,20:30:01,0,7.9,partly-cloudy-night,24.62
2020-03-20,21:00:01,0,7.8,wind,25.03
2020-03-20,21:30:02,0,7.7,partly-cloudy-night,24.65
2020-03-20,22:00:02,0,7.5,partly-cloudy-night,24.84
2020-03-20,22:30:01,0,7.3,partly-cloudy-night,24.94
2020-03-20,23:00:04,0,7.1,partly-cloudy-night,24.95
2020-03-20,23:30:01,0,6.8,partly-cloudy-night,24.95
2020-03-21,00:00:03,0,6.6,wind,25.05
2020-03-21,00:30:02,0,6.4,partly-cloudy-night,24.91
2020-03-21,01:00:04,0,6.1,partly-cloudy-night,24.84
2020-03-21,01:30:01,0,5.9,partly-cloudy-night,24.45
2020-03-21,02:00:02,0,5.8,partly-cloudy-night,24.09
2020-03-21,02:30:02,0,5.6,partly-cloudy-night,23.91
2020-03-21,03:00:01,0,5.5,partly-cloudy-night,23.67
2020-03-21,03:30:02,0,5.5,partly-cloudy-night,23.69
2020-03-21,04:00:01,0,5.5,partly-cloudy-night,23.66
2020-03-21,04:30:01,0,5.6,partly-cloudy-night,23.63
2020-03-21,05:00:03,0,5.6,partly-cloudy-night,23.63
2020-03-21,05:30:02,0,5.7,partly-cloudy-night,23.59
2020-03-21,06:00:02,0,5.8,partly-cloudy-night,23.97
2020-03-21,06:30:01,0,5.9,partly-cloudy-day,23.92
2020-03-21,07:00:03,0,5.9,cloudy,24.05
2020-03-21,07:30:02,0,5.9,cloudy,23.9
2020-03-21,08:00:01,0,5.9,cloudy,23.71
2020-03-21,08:30:02,0,5.9,cloudy,23.45
2020-03-21,09:00:01,0,6.0,cloudy,23.15
2020-03-21,09:30:01,0,6.1,cloudy,23.29
2020-03-21,10:00:04,0,6.3,cloudy,22.9
2020-03-21,10:30:01,0,6.4,cloudy,22.4
